# Level,Sp,Index,m:s.ms.us,Dur,Len,Err,Dev,Ep,Record,Data,Summary,ASCII
0,,0,0:00.000.000,,,,,,Capture started (Aggregate),,[Wed May 13 18:36:51 2009],
0,,1,0:00.000.024,,,,,,<Reset> / <Target disconnected>,,,
0,,2,0:02.215.101,,,,,,<Unreset> / <Target connected>,,,
0,,3,0:02.578.613,,,,,,<Reset> / <Target disconnected>,,,
0,,4,0:02.589.486,,,,,,<Unreset> / <Target connected>,,,
0,,5,0:02.615.568,483.062 us,18 B,,00,00,Get Device Descriptor,12 01 00 02 00 00 00 08 61 04 15 4D 00 02 00 02 00 01,Index=0 Length=64,........a..M......
1,,6,0:02.615.568,106.312 us,8 B,,00,00,   SETUP txn,80 06 00 01 00 00 40 00,,......@.
2,,7,0:02.615.568,22.645 us,3 B,,00,00,      SETUP packet,2D 00 10,,-..
2,,8,0:02.615.593,65.312 us,11 B,,00,00,      DATA0 packet,C3 80 06 00 01 00 00 40 00 DD 94,,.......@...
2,,9,0:02.615.662,11.895 us,1 B,,00,00,      ACK packet,D2,,.
1,,10,0:02.615.681,106.833 us,8 B,,00,00,   IN txn,12 01 00 02 00 00 00 08,,........
2,,11,0:02.615.681,22.666 us,3 B,,00,00,      IN packet,69 00 10,,i..
2,,12,0:02.615.707,65.041 us,11 B,,00,00,      DATA1 packet,4B 12 01 00 02 00 00 00 08 57 E7,,K........W.
2,,13,0:02.615.776,11.979 us,1 B,,00,00,      ACK packet,D2,,.
1,,14,0:02.615.793,107.166 us,8 B,,00,00,   IN txn,61 04 15 4D 00 02 00 02,,a..M....
2,,15,0:02.615.793,22.645 us,3 B,,00,00,      IN packet,69 00 10,,i..
2,,16,0:02.615.819,65.041 us,11 B,,00,00,      DATA0 packet,C3 61 04 15 4D 00 02 00 02 33 1A,,.a..M....3.
2,,17,0:02.615.888,12.000 us,1 B,,00,00,      ACK packet,D2,,.
1,,18,0:02.615.905,75.895 us,2 B,,00,00,   IN txn,00 01,,..
2,,19,0:02.615.905,22.645 us,3 B,,00,00,      IN packet,69 00 10,,i..
2,,20,0:02.615.931,33.812 us,5 B,,00,00,      DATA1 packet,4B 00 01 3F 8F,,K..?.
2,,21,0:02.615.969,11.979 us,1 B,,00,00,      ACK packet,D2,,.
1,,22,0:02.615.987,64.020 us,0 B,,00,00,   OUT txn,,,
2,,23,0:02.615.987,22.645 us,3 B,,00,00,      OUT packet,E1 00 10,,...
2,,24,0:02.616.012,22.645 us,3 B,,00,00,      DATA1 packet,4B 00 00,,K..
2,,25,0:02.616.039,11.916 us,1 B,,00,00,      ACK packet,D2,,.
0,,26,0:02.616.592,,,,,,<Reset> / <Target disconnected>,,,
0,,27,0:02.627.490,,,,,,<Unreset> / <Target connected>,,,
0,,28,0:02.653.520,177.833 us,0 B,,00,00,Set Address,,Address=01,
1,,29,0:02.653.520,106.708 us,8 B,,00,00,   SETUP txn,00 05 01 00 00 00 00 00,,........
2,,30,0:02.653.520,22.666 us,3 B,,00,00,      SETUP packet,2D 00 10,,-..
2,,31,0:02.653.545,65.312 us,11 B,,00,00,      DATA0 packet,C3 00 05 01 00 00 00 00 00 EB 25,,..........%
2,,32,0:02.653.615,11.895 us,1 B,,00,00,      ACK packet,D2,,.
1,,33,0:02.653.634,64.312 us,0 B,,00,00,   IN txn,,,
2,,34,0:02.653.634,22.645 us,3 B,,00,00,      IN packet,69 00 10,,i..
2,,35,0:02.653.660,22.520 us,3 B,,00,00,      DATA1 packet,4B 00 00,,K..
2,,36,0:02.653.686,11.979 us,1 B,,00,00,      ACK packet,D2,,.
0,,37,0:03.192.583,483.166 us,18 B,,01,00,Get Device Descriptor,12 01 00 02 00 00 00 08 61 04 15 4D 00 02 00 02 00 01,Index=0 Length=18,........a..M......
1,,38,0:03.192.583,106.416 us,8 B,,01,00,   SETUP txn,80 06 00 01 00 00 12 00,,........
2,,39,0:03.192.583,22.645 us,3 B,,01,00,      SETUP packet,2D 01 E8,,-..
2,,40,0:03.192.608,65.312 us,11 B,,01,00,      DATA0 packet,C3 80 06 00 01 00 00 12 00 E0 F4,,...........
2,,41,0:03.192.678,11.895 us,1 B,,01,00,      ACK packet,D2,,.
1,,42,0:03.192.696,106.916 us,8 B,,01,00,   IN txn,12 01 00 02 00 00 00 08,,........
2,,43,0:03.192.696,22.645 us,3 B,,01,00,      IN packet,69 01 E8,,i..
2,,44,0:03.192.722,65.062 us,11 B,,01,00,      DATA1 packet,4B 12 01 00 02 00 00 00 08 57 E7,,K........W.
2,,45,0:03.192.791,11.979 us,1 B,,01,00,      ACK packet,D2,,.
1,,46,0:03.192.808,107.145 us,8 B,,01,00,   IN txn,61 04 15 4D 00 02 00 02,,a..M....
2,,47,0:03.192.808,22.645 us,3 B,,01,00,      IN packet,69 01 E8,,i..
2,,48,0:03.192.834,65.062 us,11 B,,01,00,      DATA0 packet,C3 61 04 15 4D 00 02 00 02 33 1A,,.a..M....3.
2,,49,0:03.192.903,11.979 us,1 B,,01,00,      ACK packet,D2,,.
1,,50,0:03.192.921,76.000 us,2 B,,01,00,   IN txn,00 01,,..
2,,51,0:03.192.921,22.645 us,3 B,,01,00,      IN packet,69 01 E8,,i..
2,,52,0:03.192.947,33.833 us,5 B,,01,00,      DATA1 packet,4B 00 01 3F 8F,,K..?.
2,,53,0:03.192.985,12.000 us,1 B,,01,00,      ACK packet,D2,,.
1,,54,0:03.193.002,63.958 us,0 B,,01,00,   OUT txn,,,
2,,55,0:03.193.002,22.645 us,3 B,,01,00,      OUT packet,E1 01 E8,,...
2,,56,0:03.193.027,22.645 us,3 B,,01,00,      DATA1 packet,4B 00 00,,K..
2,,57,0:03.193.054,11.895 us,1 B,,01,00,      ACK packet,D2,,.
0,,58,0:03.193.656,708.166 us,34 B,,01,00,Get Configuration Descriptor,09 02 22 00 01 01 00 A0 32 09 04 00 00 01 03 01 02 00 09 21 11 01 00 01 22 34 00 07 05 81 03 04 00 0A,Index=0 Length=255,..".....2..........!...."4........
1,,59,0:03.193.656,106.833 us,8 B,,01,00,   SETUP txn,80 06 00 02 00 00 FF 00,,........
2,,60,0:03.193.656,22.645 us,3 B,,01,00,      SETUP packet,2D 01 E8,,-..
2,,61,0:03.193.681,65.979 us,11 B,,01,00,      DATA0 packet,C3 80 06 00 02 00 00 FF 00 E9 A4,,...........
2,,62,0:03.193.751,11.895 us,1 B,,01,00,      ACK packet,D2,,.
1,,63,0:03.193.769,106.916 us,8 B,,01,00,   IN txn,09 02 22 00 01 01 00 A0,,..".....
2,,64,0:03.193.769,22.645 us,3 B,,01,00,      IN packet,69 01 E8,,i..
2,,65,0:03.193.795,65.062 us,11 B,,01,00,      DATA1 packet,4B 09 02 22 00 01 01 00 A0 0A 98,,K..".......
2,,66,0:03.193.864,11.979 us,1 B,,01,00,      ACK packet,D2,,.
1,,67,0:03.193.881,107.062 us,8 B,,01,00,   IN txn,32 09 04 00 00 01 03 01,,2.......
2,,68,0:03.193.881,22.645 us,3 B,,01,00,      IN packet,69 01 E8,,i..
2,,69,0:03.193.908,65.041 us,11 B,,01,00,      DATA0 packet,C3 32 09 04 00 00 01 03 01 35 4D,,.2.......5M
2,,70,0:03.193.977,11.979 us,1 B,,01,00,      ACK packet,D2,,.
1,,71,0:03.193.994,107.083 us,8 B,,01,00,   IN txn,02 00 09 21 11 01 00 01,,...!....
2,,72,0:03.193.994,22.645 us,3 B,,01,00,      IN packet,69 01 E8,,i..
2,,73,0:03.194.020,65.041 us,11 B,,01,00,      DATA1 packet,4B 02 00 09 21 11 01 00 01 17 8F,,K...!......
2,,74,0:03.194.089,11.979 us,1 B,,01,00,      ACK packet,D2,,.
1,,75,0:03.194.106,107.145 us,8 B,,01,00,   IN txn,22 34 00 07 05 81 03 04,,"4......
2,,76,0:03.194.106,22.645 us,3 B,,01,00,      IN packet,69 01 E8,,i..
2,,77,0:03.194.132,65.041 us,11 B,,01,00,      DATA0 packet,C3 22 34 00 07 05 81 03 04 AD E1,,."4........
2,,78,0:03.194.201,11.979 us,1 B,,01,00,      ACK packet,D2,,.
1,,79,0:03.194.218,76.000 us,2 B,,01,00,   IN txn,00 0A,,..
2,,80,0:03.194.218,22.645 us,3 B,,01,00,      IN packet,69 01 E8,,i..
2,,81,0:03.194.244,33.833 us,5 B,,01,00,      DATA1 packet,4B 00 0A 7E 48,,K..~H
2,,82,0:03.194.282,11.979 us,1 B,,01,00,      ACK packet,D2,,.
1,,83,0:03.194.300,63.854 us,0 B,,01,00,   OUT txn,,,
2,,84,0:03.194.300,22.645 us,3 B,,01,00,      OUT packet,E1 01 E8,,...
2,,85,0:03.194.325,22.645 us,3 B,,01,00,      DATA1 packet,4B 00 00,,K..
2,,86,0:03.194.352,11.916 us,1 B,,01,00,      ACK packet,D2,,.
0,,87,0:03.194.773,269.458 us,4 B,,01,00,Get String Descriptor,04 03 09 04,Index=0 Length=255,....
1,,88,0:03.194.773,107.333 us,8 B,,01,00,   SETUP txn,80 06 00 03 00 00 FF 00,,........
2,,89,0:03.194.773,22.645 us,3 B,,01,00,      SETUP packet,2D 01 E8,,-..
2,,90,0:03.194.798,65.979 us,11 B,,01,00,      DATA0 packet,C3 80 06 00 03 00 00 FF 00 D4 64,,..........d
2,,91,0:03.194.868,11.895 us,1 B,,01,00,      ACK packet,D2,,.
1,,92,0:03.194.887,85.583 us,4 B,,01,00,   IN txn,04 03 09 04,,....
2,,93,0:03.194.887,22.666 us,3 B,,01,00,      IN packet,69 01 E8,,i..
2,,94,0:03.194.913,43.791 us,7 B,,01,00,      DATA1 packet,4B 04 03 09 04 09 78,,K.....x
2,,95,0:03.194.961,11.979 us,1 B,,01,00,      ACK packet,D2,,.
1,,96,0:03.194.978,63.854 us,0 B,,01,00,   OUT txn,,,
2,,97,0:03.194.978,22.645 us,3 B,,01,00,      OUT packet,E1 01 E8,,...
2,,98,0:03.195.004,22.645 us,3 B,,01,00,      DATA1 packet,4B 00 00,,K..
2,,99,0:03.195.030,11.895 us,1 B,,01,00,      ACK packet,D2,,.
0,,100,0:03.195.617,719.562 us,36 B,,01,00,Get String Descriptor,24 03 55 00 53 00 42 00 20 00 4F 00 70 00 74 00 69 00 63 00 61 00 6C 00 20 00 4D 00 6F 00 75 00 73 00 65 00,Index=2 Length=255,$.U.S.B. .O.p.t.i.c.a.l. .M.o.u.s.e.
1,,101,0:03.195.617,106.937 us,8 B,,01,00,   SETUP txn,80 06 02 03 09 04 FF 00,,........
2,,102,0:03.195.617,22.645 us,3 B,,01,00,      SETUP packet,2D 01 E8,,-..
2,,103,0:03.195.642,65.979 us,11 B,,01,00,      DATA0 packet,C3 80 06 02 03 09 04 FF 00 97 DB,,...........
2,,104,0:03.195.712,11.895 us,1 B,,01,00,      ACK packet,D2,,.
1,,105,0:03.195.731,107.583 us,8 B,,01,00,   IN txn,24 03 55 00 53 00 42 00,,$.U.S.B.
2,,106,0:03.195.731,22.645 us,3 B,,01,00,      IN packet,69 01 E8,,i..
2,,107,0:03.195.757,65.729 us,11 B,,01,00,      DATA1 packet,4B 24 03 55 00 53 00 42 00 A2 FE,,K$.U.S.B...
2,,108,0:03.195.826,11.979 us,1 B,,01,00,      ACK packet,D2,,.
1,,109,0:03.195.844,107.062 us,8 B,,01,00,   IN txn,20 00 4F 00 70 00 74 00,, .O.p.t.
2,,110,0:03.195.844,22.645 us,3 B,,01,00,      IN packet,69 01 E8,,i..
2,,111,0:03.195.870,65.062 us,11 B,,01,00,      DATA0 packet,C3 20 00 4F 00 70 00 74 00 8E 13,,. .O.p.t...
2,,112,0:03.195.939,11.979 us,1 B,,01,00,      ACK packet,D2,,.
1,,113,0:03.195.956,107.166 us,8 B,,01,00,   IN txn,69 00 63 00 61 00 6C 00,,i.c.a.l.
2,,114,0:03.195.956,22.666 us,3 B,,01,00,      IN packet,69 01 E8,,i..
2,,115,0:03.195.982,65.062 us,11 B,,01,00,      DATA1 packet,4B 69 00 63 00 61 00 6C 00 42 D9,,Ki.c.a.l.B.
2,,116,0:03.196.051,11.979 us,1 B,,01,00,      ACK packet,D2,,.
1,,117,0:03.196.068,107.062 us,8 B,,01,00,   IN txn,20 00 4D 00 6F 00 75 00,, .M.o.u.
2,,118,0:03.196.068,22.645 us,3 B,,01,00,      IN packet,69 01 E8,,i..
2,,119,0:03.196.094,65.062 us,11 B,,01,00,      DATA0 packet,C3 20 00 4D 00 6F 00 75 00 89 B5,,. .M.o.u...
2,,120,0:03.196.163,11.979 us,1 B,,01,00,      ACK packet,D2,,.
1,,121,0:03.196.180,86.583 us,4 B,,01,00,   IN txn,73 00 65 00,,s.e.
2,,122,0:03.196.180,22.666 us,3 B,,01,00,      IN packet,69 01 E8,,i..
2,,123,0:03.196.207,44.458 us,7 B,,01,00,      DATA1 packet,4B 73 00 65 00 CE 0F,,Ks.e...
2,,124,0:03.196.255,11.979 us,1 B,,01,00,      ACK packet,D2,,.
1,,125,0:03.196.273,64.000 us,0 B,,01,00,   OUT txn,,,
2,,126,0:03.196.273,22.645 us,3 B,,01,00,      OUT packet,E1 01 E8,,...
2,,127,0:03.196.298,22.645 us,3 B,,01,00,      DATA1 packet,4B 00 00,,K..
2,,128,0:03.196.325,11.895 us,1 B,,01,00,      ACK packet,D2,,.
0,,129,0:03.199.219,592.479 us,18 B,,01,00,Get Device Descriptor,12 01 00 02 00 00 00 08 61 04 15 4D 00 02 00 02 00 01,Index=0 Length=18,........a..M......
1,,130,0:03.199.219,106.770 us,8 B,,01,00,   SETUP txn,80 06 00 01 00 00 12 00,,........
2,,131,0:03.199.219,22.645 us,3 B,,01,00,      SETUP packet,2D 01 E8,,-..
2,,132,0:03.199.244,65.312 us,11 B,,01,00,      DATA0 packet,C3 80 06 00 01 00 00 12 00 E0 F4,,...........
2,,133,0:03.199.314,11.916 us,1 B,,01,00,      ACK packet,D2,,.
1,,134,0:03.199.333,106.833 us,8 B,,01,00,   IN txn,12 01 00 02 00 00 00 08,,........
2,,135,0:03.199.333,22.645 us,3 B,,01,00,      IN packet,69 01 E8,,i..
2,,136,0:03.199.359,65.062 us,11 B,,01,00,      DATA1 packet,4B 12 01 00 02 00 00 00 08 57 E7,,K........W.
2,,137,0:03.199.428,12.000 us,1 B,,01,00,      ACK packet,D2,,.
1,,138,0:03.199.547,107.250 us,8 B,,01,00,   IN txn,61 04 15 4D 00 02 00 02,,a..M....
2,,139,0:03.199.547,22.645 us,3 B,,01,00,      IN packet,69 01 E8,,i..
2,,140,0:03.199.573,65.062 us,11 B,,01,00,      DATA0 packet,C3 61 04 15 4D 00 02 00 02 33 1A,,.a..M....3.
2,,141,0:03.199.642,12.000 us,1 B,,01,00,      ACK packet,D2,,.
1,,142,0:03.199.666,75.729 us,2 B,,01,00,   IN txn,00 01,,..
2,,143,0:03.199.666,22.645 us,3 B,,01,00,      IN packet,69 01 E8,,i..
2,,144,0:03.199.692,33.833 us,5 B,,01,00,      DATA1 packet,4B 00 01 3F 8F,,K..?.
2,,145,0:03.199.730,11.979 us,1 B,,01,00,      ACK packet,D2,,.
1,,146,0:03.199.748,63.854 us,0 B,,01,00,   OUT txn,,,
2,,147,0:03.199.748,22.645 us,3 B,,01,00,      OUT packet,E1 01 E8,,...
2,,148,0:03.199.773,22.645 us,3 B,,01,00,      DATA1 packet,4B 00 00,,K..
2,,149,0:03.199.800,11.895 us,1 B,,01,00,      ACK packet,D2,,.
0,,150,0:03.200.628,365.000 us,9 B,,01,00,Get Configuration Descriptor,09 02 22 00 01 01 00 A0 32,Index=0 Length=9,..".....2
1,,151,0:03.200.628,106.520 us,8 B,,01,00,   SETUP txn,80 06 00 02 00 00 09 00,,........
2,,152,0:03.200.628,22.645 us,3 B,,01,00,      SETUP packet,2D 01 E8,,-..
2,,153,0:03.200.653,65.333 us,11 B,,01,00,      DATA0 packet,C3 80 06 00 02 00 00 09 00 AE 04,,...........
2,,154,0:03.200.723,11.895 us,1 B,,01,00,      ACK packet,D2,,.
1,,155,0:03.200.742,106.812 us,8 B,,01,00,   IN txn,09 02 22 00 01 01 00 A0,,..".....
2,,156,0:03.200.742,22.645 us,3 B,,01,00,      IN packet,69 01 E8,,i..
2,,157,0:03.200.767,65.062 us,11 B,,01,00,      DATA1 packet,4B 09 02 22 00 01 01 00 A0 0A 98,,K..".......
2,,158,0:03.200.836,11.979 us,1 B,,01,00,      ACK packet,D2,,.
1,,159,0:03.200.853,70.000 us,1 B,,01,00,   IN txn,32,,2
2,,160,0:03.200.853,22.645 us,3 B,,01,00,      IN packet,69 01 E8,,i..
2,,161,0:03.200.880,27.854 us,4 B,,01,00,      DATA0 packet,C3 32 C1 6A,,.2.j
2,,162,0:03.200.911,12.000 us,1 B,,01,00,      ACK packet,D2,,.
1,,163,0:03.200.929,63.979 us,0 B,,01,00,   OUT txn,,,
2,,164,0:03.200.929,22.666 us,3 B,,01,00,      OUT packet,E1 01 E8,,...
2,,165,0:03.200.954,22.645 us,3 B,,01,00,      DATA1 packet,4B 00 00,,K..
2,,166,0:03.200.981,11.895 us,1 B,,01,00,      ACK packet,D2,,.
0,,167,0:03.201.613,707.645 us,34 B,,01,00,Get Configuration Descriptor,09 02 22 00 01 01 00 A0 32 09 04 00 00 01 03 01 02 00 09 21 11 01 00 01 22 34 00 07 05 81 03 04 00 0A,Index=0 Length=34,..".....2..........!...."4........
1,,168,0:03.201.613,106.312 us,8 B,,01,00,   SETUP txn,80 06 00 02 00 00 22 00,,......".
2,,169,0:03.201.613,22.645 us,3 B,,01,00,      SETUP packet,2D 01 E8,,-..
2,,170,0:03.201.638,65.312 us,11 B,,01,00,      DATA0 packet,C3 80 06 00 02 00 00 22 00 B0 F4,,......."...
2,,171,0:03.201.708,11.895 us,1 B,,01,00,      ACK packet,D2,,.
1,,172,0:03.201.726,106.916 us,8 B,,01,00,   IN txn,09 02 22 00 01 01 00 A0,,..".....
2,,173,0:03.201.726,22.645 us,3 B,,01,00,      IN packet,69 01 E8,,i..
2,,174,0:03.201.752,65.041 us,11 B,,01,00,      DATA1 packet,4B 09 02 22 00 01 01 00 A0 0A 98,,K..".......
2,,175,0:03.201.821,11.979 us,1 B,,01,00,      ACK packet,D2,,.
1,,176,0:03.201.838,107.145 us,8 B,,01,00,   IN txn,32 09 04 00 00 01 03 01,,2.......
2,,177,0:03.201.838,22.645 us,3 B,,01,00,      IN packet,69 01 E8,,i..
2,,178,0:03.201.864,65.041 us,11 B,,01,00,      DATA0 packet,C3 32 09 04 00 00 01 03 01 35 4D,,.2.......5M
2,,179,0:03.201.933,11.979 us,1 B,,01,00,      ACK packet,D2,,.
1,,180,0:03.201.950,107.166 us,8 B,,01,00,   IN txn,02 00 09 21 11 01 00 01,,...!....
2,,181,0:03.201.950,22.645 us,3 B,,01,00,      IN packet,69 01 E8,,i..
2,,182,0:03.201.977,65.041 us,11 B,,01,00,      DATA1 packet,4B 02 00 09 21 11 01 00 01 17 8F,,K...!......
2,,183,0:03.202.046,11.979 us,1 B,,01,00,      ACK packet,D2,,.
1,,184,0:03.202.063,107.145 us,8 B,,01,00,   IN txn,22 34 00 07 05 81 03 04,,"4......
2,,185,0:03.202.063,22.645 us,3 B,,01,00,      IN packet,69 01 E8,,i..
2,,186,0:03.202.089,65.062 us,11 B,,01,00,      DATA0 packet,C3 22 34 00 07 05 81 03 04 AD E1,,."4........
2,,187,0:03.202.158,11.979 us,1 B,,01,00,      ACK packet,D2,,.
1,,188,0:03.202.175,75.833 us,2 B,,01,00,   IN txn,00 0A,,..
2,,189,0:03.202.175,22.645 us,3 B,,01,00,      IN packet,69 01 E8,,i..
2,,190,0:03.202.201,33.833 us,5 B,,01,00,      DATA1 packet,4B 00 0A 7E 48,,K..~H
2,,191,0:03.202.239,11.979 us,1 B,,01,00,      ACK packet,D2,,.
1,,192,0:03.202.257,64.000 us,0 B,,01,00,   OUT txn,,,
2,,193,0:03.202.257,22.645 us,3 B,,01,00,      OUT packet,E1 01 E8,,...
2,,194,0:03.202.282,22.645 us,3 B,,01,00,      DATA1 packet,4B 00 00,,K..
2,,195,0:03.202.309,11.895 us,1 B,,01,00,      ACK packet,D2,,.
0,,196,0:03.202.661,177.583 us,0 B,,01,00,Set Configuration,,Configuration=1,
1,,197,0:03.202.661,106.479 us,8 B,,01,00,   SETUP txn,00 09 01 00 00 00 00 00,,........
2,,198,0:03.202.661,22.666 us,3 B,,01,00,      SETUP packet,2D 01 E8,,-..
2,,199,0:03.202.687,65.312 us,11 B,,01,00,      DATA0 packet,C3 00 09 01 00 00 00 00 00 27 25,,.........'%
2,,200,0:03.202.756,11.895 us,1 B,,01,00,      ACK packet,D2,,.
1,,201,0:03.202.775,64.395 us,0 B,,01,00,   IN txn,,,
2,,202,0:03.202.775,22.645 us,3 B,,01,00,      IN packet,69 01 E8,,i..
2,,203,0:03.202.801,22.541 us,3 B,,01,00,      DATA1 packet,4B 00 00,,K..
2,,204,0:03.202.827,11.979 us,1 B,,01,00,      ACK packet,D2,,.
0,,205,0:03.203.633,177.666 us,0 B,,01,00,Control Transfer,,,
1,,206,0:03.203.633,106.562 us,8 B,,01,00,   SETUP txn,21 0A 00 00 00 00 00 00,,!.......
2,,207,0:03.203.633,22.645 us,3 B,,01,00,      SETUP packet,2D 01 E8,,-..
2,,208,0:03.203.659,65.333 us,11 B,,01,00,      DATA0 packet,C3 21 0A 00 00 00 00 00 00 D6 20,,.!........ 
2,,209,0:03.203.728,11.895 us,1 B,,01,00,      ACK packet,D2,,.
1,,210,0:03.203.747,64.312 us,0 B,,01,00,   IN txn,,,
2,,211,0:03.203.747,22.645 us,3 B,,01,00,      IN packet,69 01 E8,,i..
2,,212,0:03.203.773,22.520 us,3 B,,01,00,      DATA1 packet,4B 00 00,,K..
2,,213,0:03.203.799,11.979 us,1 B,,01,00,      ACK packet,D2,,.
0,,214,0:03.204.634,1.069.250 ms,52 B,,01,00,Control Transfer,05 01 09 02 A1 01 09 01 A1 00 05 09 19 01 29 03 15 00 25 01 75 01 95 03 81 02 75 05 95 01 81 01 05 01 09 30 09 31 09 38 15 81 25 7F 75 08 95 03 81 06 C0 C0,,..............)...%.u.....u........0.1.8..%.u....â€¦
1,,215,0:03.204.634,107.125 us,8 B,,01,00,   SETUP txn,81 06 00 22 00 00 74 00,,..."..t.
2,,216,0:03.204.634,22.645 us,3 B,,01,00,      SETUP packet,2D 01 E8,,-..
2,,217,0:03.204.659,65.979 us,11 B,,01,00,      DATA0 packet,C3 81 06 00 22 00 00 74 00 CF 5F,,...."..t.._
2,,218,0:03.204.729,11.895 us,1 B,,01,00,      ACK packet,D2,,.
1,,219,0:03.204.748,107.500 us,8 B,,01,00,   IN txn,05 01 09 02 A1 01 09 01,,........
2,,220,0:03.204.748,22.645 us,3 B,,01,00,      IN packet,69 01 E8,,i..
2,,221,0:03.204.774,65.729 us,11 B,,01,00,      DATA1 packet,4B 05 01 09 02 A1 01 09 01 A3 FE,,K..........
2,,222,0:03.204.844,11.979 us,1 B,,01,00,      ACK packet,D2,,.
1,,223,0:03.204.861,107.145 us,8 B,,01,00,   IN txn,A1 00 05 09 19 01 29 03,,......).
2,,224,0:03.204.861,22.645 us,3 B,,01,00,      IN packet,69 01 E8,,i..
2,,225,0:03.204.887,65.062 us,11 B,,01,00,      DATA0 packet,C3 A1 00 05 09 19 01 29 03 A1 19,,.......)...
2,,226,0:03.204.956,11.979 us,1 B,,01,00,      ACK packet,D2,,.
1,,227,0:03.204.973,107.166 us,8 B,,01,00,   IN txn,15 00 25 01 75 01 95 03,,..%.u...
2,,228,0:03.204.973,22.645 us,3 B,,01,00,      IN packet,69 01 E8,,i..
2,,229,0:03.204.999,65.041 us,11 B,,01,00,      DATA1 packet,4B 15 00 25 01 75 01 95 03 20 AF,,K..%.u... .
2,,230,0:03.205.068,11.979 us,1 B,,01,00,      ACK packet,D2,,.
1,,231,0:03.205.085,107.145 us,8 B,,01,00,   IN txn,81 02 75 05 95 01 81 01,,..u.....
2,,232,0:03.205.085,22.645 us,3 B,,01,00,      IN packet,69 01 E8,,i..
2,,233,0:03.205.112,65.041 us,11 B,,01,00,      DATA0 packet,C3 81 02 75 05 95 01 81 01 4F 61,,...u.....Oa
2,,234,0:03.205.181,11.979 us,1 B,,01,00,      ACK packet,D2,,.
1,,235,0:03.205.198,107.166 us,8 B,,01,00,   IN txn,05 01 09 30 09 31 09 38,,...0.1.8
2,,236,0:03.205.198,22.666 us,3 B,,01,00,      IN packet,69 01 E8,,i..
2,,237,0:03.205.224,65.041 us,11 B,,01,00,      DATA1 packet,4B 05 01 09 30 09 31 09 38 7A 47,,K...0.1.8zG
2,,238,0:03.205.293,11.979 us,1 B,,01,00,      ACK packet,D2,,.
1,,239,0:03.205.310,107.812 us,8 B,,01,00,   IN txn,15 81 25 7F 75 08 95 03,,..%.u...
2,,240,0:03.205.310,22.645 us,3 B,,01,00,      IN packet,69 01 E8,,i..
2,,241,0:03.205.336,65.708 us,11 B,,01,00,      DATA0 packet,C3 15 81 25 7F 75 08 95 03 49 AF,,...%.u...I.
2,,242,0:03.205.406,11.979 us,1 B,,01,00,      ACK packet,D2,,.
1,,243,0:03.205.548,86.062 us,4 B,,01,00,   IN txn,81 06 C0 C0,,....
2,,244,0:03.205.548,22.645 us,3 B,,01,00,      IN packet,69 01 E8,,i..
2,,245,0:03.205.574,43.791 us,7 B,,01,00,      DATA1 packet,4B 81 06 C0 C0 67 B6,,K....g.
2,,246,0:03.205.622,11.979 us,1 B,,01,00,      ACK packet,D2,,.
1,,247,0:03.205.640,64.000 us,0 B,,01,00,   OUT txn,,,
2,,248,0:03.205.640,22.666 us,3 B,,01,00,      OUT packet,E1 01 E8,,...
2,,249,0:03.205.665,22.666 us,3 B,,01,00,      DATA1 packet,4B 00 00,,K..
2,,250,0:03.205.692,11.895 us,1 B,,01,00,      ACK packet,D2,,.
0,,251,0:03.210.552,1.992.230.958 s,,,01,01,[250 IN-NAK],,[Periodic Timeout],
0,,252,0:05.210.745,736.156.875 ms,4 B,,01,01,IN txn   [92 POLL],00 01 00 00,,....
1,,253,0:05.210.745,728.108.354 ms,,,01,01,   [92 IN-NAK],,,
1,,254,0:05.946.817,22.645 us,3 B,,01,01,   IN packet,69 81 58,,i.X
1,,255,0:05.946.842,43.791 us,7 B,,01,01,   DATA0 packet,C3 00 01 00 00 AE 1B,,.......
1,,256,0:05.946.890,11.979 us,1 B,,01,01,   ACK packet,D2,,.
0,,257,0:05.954.817,16.087.541 ms,4 B,,01,01,IN txn   [2 POLL],00 01 00 00,,....
1,,258,0:05.954.817,8.039.020 ms,,,01,01,   [2 IN-NAK],,,
1,,259,0:05.970.819,22.645 us,3 B,,01,01,   IN packet,69 81 58,,i.X
1,,260,0:05.970.845,43.791 us,7 B,,01,01,   DATA1 packet,4B 00 01 00 00 AE 1B,,K......
1,,261,0:05.970.893,11.979 us,1 B,,01,01,   ACK packet,D2,,.
0,,262,0:05.978.820,16.087.041 ms,4 B,,01,01,IN txn   [2 POLL],00 01 00 00,,....
1,,263,0:05.978.820,8.038.500 ms,,,01,01,   [2 IN-NAK],,,
1,,264,0:05.994.821,22.645 us,3 B,,01,01,   IN packet,69 81 58,,i.X
1,,265,0:05.994.847,43.812 us,7 B,,01,01,   DATA0 packet,C3 00 01 00 00 AE 1B,,.......
1,,266,0:05.994.895,11.979 us,1 B,,01,01,   ACK packet,D2,,.
0,,267,0:06.002.822,8.087.687 ms,4 B,,01,01,IN txn   [1 POLL],00 01 FF 00,,....
1,,268,0:06.002.822,37.833 us,,,01,01,   [1 IN-NAK],,,
1,,269,0:06.010.823,22.645 us,3 B,,01,01,   IN packet,69 81 58,,i.X
1,,270,0:06.010.849,44.458 us,7 B,,01,01,   DATA1 packet,4B 00 01 FF 00 EF EB,,K......
1,,271,0:06.010.898,11.979 us,1 B,,01,01,   ACK packet,D2,,.
0,,272,0:06.018.823,85.479 us,4 B,,01,01,IN txn,00 01 00 00,,....
1,,273,0:06.018.823,22.645 us,3 B,,01,01,   IN packet,69 81 58,,i.X
1,,274,0:06.018.849,43.791 us,7 B,,01,01,   DATA0 packet,C3 00 01 00 00 AE 1B,,.......
1,,275,0:06.018.897,11.979 us,1 B,,01,01,   ACK packet,D2,,.
0,,276,0:06.026.824,16.087.458 ms,4 B,,01,01,IN txn   [2 POLL],00 01 00 00,,....
1,,277,0:06.026.824,8.038.937 ms,,,01,01,   [2 IN-NAK],,,
1,,278,0:06.042.826,22.666 us,3 B,,01,01,   IN packet,69 81 58,,i.X
1,,279,0:06.042.852,43.791 us,7 B,,01,01,   DATA1 packet,4B 00 01 00 00 AE 1B,,K......
1,,280,0:06.042.900,11.979 us,1 B,,01,01,   ACK packet,D2,,.
0,,281,0:06.050.827,86.479 us,4 B,,01,01,IN txn,00 00 FF 00,,....
1,,282,0:06.050.827,22.645 us,3 B,,01,01,   IN packet,69 81 58,,i.X
1,,283,0:06.050.853,44.458 us,7 B,,01,01,   DATA0 packet,C3 00 00 FF 00 BE 2B,,......+
1,,284,0:06.050.901,11.979 us,1 B,,01,01,   ACK packet,D2,,.
0,,285,0:06.058.827,24.087.729 ms,4 B,,01,01,IN txn   [3 POLL],00 01 00 00,,....
1,,286,0:06.058.827,16.039.208 ms,,,01,01,   [3 IN-NAK],,,
1,,287,0:06.082.830,22.666 us,3 B,,01,01,   IN packet,69 81 58,,i.X
1,,288,0:06.082.855,43.791 us,7 B,,01,01,   DATA1 packet,4B 00 01 00 00 AE 1B,,K......
1,,289,0:06.082.903,11.979 us,1 B,,01,01,   ACK packet,D2,,.
0,,290,0:06.090.830,40.090.187 ms,4 B,,01,01,IN txn   [5 POLL],00 00 FF 00,,....
1,,291,0:06.090.830,32.041.000 ms,,,01,01,   [5 IN-NAK],,,
1,,292,0:06.130.834,22.645 us,3 B,,01,01,   IN packet,69 81 58,,i.X
1,,293,0:06.130.860,44.458 us,7 B,,01,01,   DATA0 packet,C3 00 00 FF 00 BE 2B,,......+
1,,294,0:06.130.909,11.979 us,1 B,,01,01,   ACK packet,D2,,.
0,,295,0:06.138.835,88.094.437 ms,4 B,,01,01,IN txn   [11 POLL],00 01 00 00,,....
1,,296,0:06.138.835,80.045.229 ms,,,01,01,   [11 IN-NAK],,,
1,,297,0:06.226.844,22.645 us,3 B,,01,01,   IN packet,69 81 58,,i.X
1,,298,0:06.226.870,43.791 us,7 B,,01,01,   DATA1 packet,4B 00 01 00 00 AE 1B,,K......
1,,299,0:06.226.918,11.979 us,1 B,,01,01,   ACK packet,D2,,.
0,,300,0:06.234.844,86.583 us,4 B,,01,01,IN txn,00 FF 00 00,,....
1,,301,0:06.234.844,22.666 us,3 B,,01,01,   IN packet,69 81 58,,i.X
1,,302,0:06.234.871,44.437 us,7 B,,01,01,   DATA0 packet,C3 00 FF 00 00 CF EB,,.......
1,,303,0:06.234.919,11.979 us,1 B,,01,01,   ACK packet,D2,,.
0,,304,0:06.242.845,1.992.230.812 s,,,01,01,[250 IN-NAK],,[Periodic Timeout],
0,,305,0:08.243.039,160.053.541 ms,,,01,01,[21 IN-NAK],,,
0,,306,0:08.411.055,22.666 us,,U,01,01,[1 ORPHANED],,,
1,,307,0:08.411.055,22.666 us,,,01,01,   [1 IN],,,
0,,308,0:08.411.055,,,,,,Capture stopped,,[Wed May 13 18:37:00 2009],
